q2_min,q2_max,q2_center,central,sigma,lower,upper
1.1,2.0,1.55,4.424655393303145e-08,6.471564501278171e-09,3.777498943175328e-08,5.0718118434309615e-08
2.0,3.0,2.5,4.6946582853037454e-08,7.084332695488294e-09,3.986225015754916e-08,5.403091554852575e-08
3.0,4.0,3.5,4.832296524070312e-08,7.099916195084128e-09,4.1223049045618995e-08,5.5422881435787246e-08
4.0,5.0,4.5,5.083534244389763e-08,7.1733661461420594e-09,4.366197629775557e-08,5.800870859003969e-08
5.0,6.0,5.5,5.370823376720866e-08,7.2844177367777024e-09,4.6423816030430956e-08,6.099265150398636e-08
6.0,7.0,6.5,5.662116598812842e-08,7.42315466658231e-09,4.919801132154611e-08,6.404432065471073e-08
7.0,8.0,7.5,5.939319163306231e-08,7.585472061344166e-09,5.1807719571718145e-08,6.697866369440648e-08
